timestamp,title,source,url,market_closed
2008-10-29,"UPDATE 1-Russia retailer Dixy revenue up, drops listing plan",By Reuters,"https://www.investing.com/news/forex-news/update-1-russia-retailer-dixy-revenue-up,-drops-listing-plan-1216",1.0
2009-01-21,Britain urges China to play ,By Reuters,"https://www.investing.com/news/forex-news/britain-urges-china-to-play-""full-role""-in-world-22463",1.0
2009-06-08,"3i, LSE, Wolseley look set to return to FTSE 100",By Reuters,"https://www.investing.com/news/equities-news/3i,-lse,-wolseley-look-set-to-return-to-ftse-100-60914",1.0
2009-06-15,INTERVIEW-Borse Dubai has no plans to sell LSE stake,By Reuters,https://www.investing.com/news/equities-news/interview-borse-dubai-has-no-plans-to-sell-lse-stake-62592,1.0
2009-06-19,DEALTALK-Centamin Egypt possible takeover target on mine start,By Reuters,https://www.investing.com/news/equities-news/dealtalk-centamin-egypt-possible-takeover-target-on-mine-start-64372,1.0
2009-06-22,"Astaire Secs, formerly Blue Oar, fined by LSE",By Reuters,"https://www.investing.com/news/equities-news/astaire-secs,-formerly-blue-oar,-fined-by-lse-64821",1.0
2009-06-23,"European stocks flat, UBS shines",By Reuters,"https://www.investing.com/news/equities-news/european-stocks-flat,-ubs-shines-65220",1.0
2009-06-23,"FTSE climbs 0.2 percent, pharma, energy firms advance",By Reuters,"https://www.investing.com/news/equities-news/ftse-climbs-0.2-percent,-pharma,-energy-firms-advance-65253",1.0
2009-06-23,Thomson Reuters UK delisting to force stake sales,By Reuters,https://www.investing.com/news/equities-news/thomson-reuters-uk-delisting-to-force-stake-sales-65297,1.0
2009-06-25,London Stock Exchange to cut about 10% jobs-sources,By Reuters,https://www.investing.com/news/equities-news/london-stock-exchange-to-cut-about-10-jobs-sources-66315,1.0
2009-06-29,"FTSE up 1.3 pct boosted by strength in oils, banks",By Reuters,"https://www.investing.com/news/equities-news/ftse-up-1.3-pct-boosted-by-strength-in-oils,-banks-67234",1.0
2009-07-02,LSE mulls alternatives to Microsoft software,By Reuters,https://www.investing.com/news/equities-news/lse-mulls-alternatives-to-microsoft-software-68441,1.0
2009-07-02,European shares close lower on rise in US jobless,By Reuters,https://www.investing.com/news/equities-news/european-shares-close-lower-on-rise-in-us-jobless-68586,1.0
2009-07-07,European IPO levels remain low in Q2 -PwC,By Reuters,https://www.investing.com/news/equities-news/european-ipo-levels-remain-low-in-q2--pwc-69313,1.0
2009-07-07,UPDATE 2-UK's Landbank ditches $400 mln IPO plan-source,By Reuters,https://www.investing.com/news/equities-news/update-2-uk's-landbank-ditches-$400-mln-ipo-plan-source-69373,1.0
2009-07-13,"NYSE Euronext's SmartPool signs 14 banks, brokers",By Reuters,"https://www.investing.com/news/equities-news/nyse-euronext's-smartpool-signs-14-banks,-brokers-71125",1.0
2009-07-15,UPDATE 3-LSE Q1 beats forecast but market still tough,By Reuters,https://www.investing.com/news/equities-news/update-3-lse-q1-beats-forecast-but-market-still-tough-71669,1.0
2009-07-16,EU share trading competition slashes costs -study,By Reuters,https://www.investing.com/news/equities-news/eu-share-trading-competition-slashes-costs--study-72266,1.0
2009-07-22,"FTSE slips, traders take profit on 7-day gains",By Reuters,"https://www.investing.com/news/equities-news/ftse-slips,-traders-take-profit-on-7-day-gains-73717",1.0
2009-07-24,INTERVIEW-New stock market Tokyo AIM eyes big IPOs -CEO,By Reuters,https://www.investing.com/news/equities-news/interview-new-stock-market-tokyo-aim-eyes-big-ipos--ceo-74639,0.0
2009-08-05,"Costs, trade levels hit Deutsche Boerse -analysts",By Reuters,"https://www.investing.com/news/equities-news/costs,-trade-levels-hit-deutsche-boerse--analysts-76596",0.0
2009-08-07,UPDATE 2-Thomson Reuters shareholders approve UK delisting,By Reuters,https://www.investing.com/news/equities-news/update-2-thomson-reuters-shareholders-approve-uk-delisting-77481,0.0
2009-08-10,FACTBOX-Friends Provident in talks with Resolution,By Reuters,https://www.investing.com/news/equities-news/factbox-friends-provident-in-talks-with-resolution-77842,0.0
2009-08-25,UPDATE 1-Tokyo to tighten rules on start-up market stocks,By Reuters,https://www.investing.com/news/equities-news/update-1-tokyo-to-tighten-rules-on-start-up-market-stocks-81510,0.0
2009-08-26,"UPDATE 1-LSE, NYSE Euronext eye Indian bourse stake-report",By Reuters,"https://www.investing.com/news/equities-news/update-1-lse,-nyse-euronext-eye-indian-bourse-stake-report-82065",1.0
2009-08-27,"UPDATE 2-Tata Steel posts loss, sees weak recovery signs",By Reuters,"https://www.investing.com/news/equities-news/update-2-tata-steel-posts-loss,-sees-weak-recovery-signs-82391",0.0
2009-09-01,ANALYSIS-Volatility monitored as ,By Reuters,"https://www.investing.com/news/equities-news/analysis-volatility-monitored-as-""flash""-trading-ends-83733",0.0
2009-09-07,FACTBOX-Polish $13 bln privatisation plan through 2010,By Reuters,https://www.investing.com/news/equities-news/factbox-polish-$13-bln-privatisation-plan-through-2010-84663,1.0
2009-09-09,Industry attacks EU plans to curb short-selling,By Reuters,https://www.investing.com/news/equities-news/industry-attacks-eu-plans-to-curb-short-selling-85352,0.0
2009-09-24,UPDATE 2-London Stock Exchange cuts 12 pct of staff,By Reuters,https://www.investing.com/news/equities-news/update-2-london-stock-exchange-cuts-12-pct-of-staff-89369,0.0
2009-09-24,"FTSE slips, led lower by banks ahead of G20",By Reuters,"https://www.investing.com/news/equities-news/ftse-slips,-led-lower-by-banks-ahead-of-g20-89471",0.0
2009-09-28,INTERVIEW-Savannah Gold hopes to list in Canada in mid-2010,By Reuters,https://www.investing.com/news/equities-news/interview-savannah-gold-hopes-to-list-in-canada-in-mid-2010-90441,0.0
2009-09-30,FTSE up 0.2 pct; set for strongest ever quarter,By Reuters,https://www.investing.com/news/equities-news/ftse-up-0.2-pct;-set-for-strongest-ever-quarter-91029,0.0
2009-09-30,London bourse turns back on pan-European lobby,By Reuters,https://www.investing.com/news/equities-news/london-bourse-turns-back-on-pan-european-lobby-91264,0.0
2009-10-01,UPDATE 3-LSE in talks to swallow rival start-up Turquoise,By Reuters,https://www.investing.com/news/equities-news/update-3-lse-in-talks-to-swallow-rival-start-up-turquoise-91628,1.0
2009-10-01,"FTSE ends down 1.7 pct, miners and banks lower",By Reuters,"https://www.investing.com/news/equities-news/ftse-ends-down-1.7-pct,-miners-and-banks-lower-91667",1.0
2009-10-15,UPDATE 4-Sainsbury shares jump as Qatari bid talk revives,By Reuters,https://www.investing.com/news/equities-news/update-4-sainsbury-shares-jump-as-qatari-bid-talk-revives-94333,0.0
2009-10-21,FTSE flat early on; oil majors rally,By Reuters,https://www.investing.com/news/equities-news/ftse-flat-early-on;-oil-majors-rally-95999,0.0
2009-10-21,"FTSE slips as banks, commodity stocks retreat",By Reuters,"https://www.investing.com/news/equities-news/ftse-slips-as-banks,-commodity-stocks-retreat-96059",0.0
2009-10-21,"FTSE ends higher, buoyed by solid U.S. earnings",By Reuters,"https://www.investing.com/news/equities-news/ftse-ends-higher,-buoyed-by-solid-u.s.-earnings-96213",0.0
2010-05-31,"Most Europe stocks rise, erasing losses; DAX up 0.32%",By Investing.com,"https://www.investing.com/news/forex-news/most-europe-stocks-rise,-erasing-losses;-dax-up-0.32-140187",1.0
2011-01-17,European stocks fall ahead of EU finance meeting; DAX down 0.18%,By Investing.com,https://www.investing.com/news/stock-market-news/european-stocks-fall-ahead-of-eu-finance-meeting;-dax-down-0.18-187206,0.0
2011-03-07,U.S. stocks rise after the open on M&A activity; Dow up 0.6%,By Investing.com,https://www.investing.com/news/stock-market-news/u.s.-stocks-rise-after-the-open-on-m-a-activity;-dow-up-0.6-200024,0.0
2011-03-31,"UPDATE 2-LSE reports equity growth, moving on derivatives",By Reuters,"https://www.investing.com/news/stock-market-news/update-1-lse-reports-strong-listing-growth,-trading-flat-204748",0.0
2011-04-04,Malaysian stock exchange eyes LSE partnership-paper,By Reuters,https://www.investing.com/news/stock-market-news/malaysian-stock-exchange-eyes-lse-partnership-paper-205803,0.0
2011-04-05,SNAP ANALYSIS-Consequences of Australian rejection of ASX-SGX deal,By Reuters,https://www.investing.com/news/stock-market-news/snap-analysis-consequences-of-australian-rejection-of-asx-sgx-deal-205885,0.0
2011-04-05,Australia decision a new hurdle for TMX-LSE deal,By Reuters,https://www.investing.com/news/stock-market-news/australia-decision-a-new-hurdle-for-tmx-lse-deal-206134,0.0
2011-04-06,DEALTALK-ASX deal failure risks making SGX a takeover target,By Reuters,https://www.investing.com/news/stock-market-news/dealtalk-asx-deal-failure-risks-making-sgx-a-takeover-target-206302,0.0
2011-04-08,UPDATE 2-TMX deal opponent set to issue ,By Reuters,"https://www.investing.com/news/stock-market-news/update-2-tmx-deal-opponent-set-to-issue-""minority""-report-207088",0.0
2011-04-10,NEWSMAKER-Oxford academic battles the British banks,By Reuters,https://www.investing.com/news/forex-news/newsmaker-oxford-academic-battles-the-british-banks-207227,1.0
2011-04-12,LSE to challenge Liffe with FTSE futures in June,By Reuters,https://www.investing.com/news/stock-market-news/lse-to-challenge-liffe-with-ftse-futures-in-june-207729,0.0
2011-04-12,"Bats Europe CEO to run Bats Chi-X, Haynes departs",By Reuters,"https://www.investing.com/news/stock-market-news/bats-europe-ceo-to-run-bats-chi-x,-haynes-departs-207814",0.0
2011-04-13,UPDATE 1-Ontario legislators to approve TMX-LSE deal,By Reuters,https://www.investing.com/news/stock-market-news/update-1-ontario-legislators-to-approve-tmx-lse-deal-208296,0.0
2011-04-14,ANALYSIS-The devil will be in details of TMX-LSE review,By Reuters,https://www.investing.com/news/stock-market-news/analysis-the-devil-will-be-in-details-of-tmx-lse-review-208698,0.0
2011-04-19,TIMELINE-LSE/TMX deal faces many regulatory hurdles,By Reuters,https://www.investing.com/news/stock-market-news/timeline-lse-tmx-deal-faces-many-regulatory-hurdles-209884,0.0
2011-04-20,Britain's FTSE sharply higher on strong earnings,By Reuters,https://www.investing.com/news/stock-market-news/britain's-ftse-sharply-higher-on-strong-earnings-210049,0.0
2011-04-29,"UPDATE 2-LSE, TMX start long Canadian merger approval process",By Reuters,"https://www.investing.com/news/stock-market-news/update-2-lse,-tmx-start-long-canadian-merger-approval-process-212436",1.0
2011-05-09,UPDATE 2-Zoran's weak outlook worries merger partner CSR,By Reuters,https://www.investing.com/news/stock-market-news/update-2-zoran's-weak-outlook-worries-merger-partner-csr-214432,0.0
2011-05-13,Commodities rally underpins fragile FTSE revival,By Reuters,https://www.investing.com/news/stock-market-news/commodities-rally-underpins-fragile-ftse-revival-214910,0.0
2011-06-30,European stocks rise ahead of second Greek vote; DAX up 0.2%,By Investing.com,https://www.investing.com/news/stock-market-news/european-stocks-rise-ahead-of-second-greek-vote;-dax-up-0.2-218391,0.0
2011-06-30,Greek vote lifts European shares to near-4 wk high,By Reuters,https://www.investing.com/news/stock-market-news/greek-vote-lifts-european-shares-to-near-4-wk-high-218433,0.0
2011-08-17,"Euro stocks slump as Merkel, Sarkozy disappoint; DAX down 1.3%",By Investing.com,"https://www.investing.com/news/stock-market-news/euro-stocks-slump-as-merkel,-sarkozy-disappoint;-dax-down-1.3-221998",0.0
2011-08-17,REFILE-FTSE hurt by financials as summit disappoints ,By Reuters,https://www.investing.com/news/stock-market-news/ftse-hurt-by-financials-as-summit-disappoints-222011,0.0
2011-09-02,Britain's FTSE in technical slide ahead of US data,By Reuters,https://www.investing.com/news/stock-market-news/britain's-ftse-in-technical-slide-ahead-of-us-data-223109,0.0
2011-12-12,European shares slammed as summit disappoints; DAX off 3.36%,By Investing.com,https://www.investing.com/news/stock-market-news/european-shares-slammed-as-summit-disappoints;-dax-off-3.20-228003,0.0
2012-03-09,European stocks higher on Greek debt deal; DAX jumps 1.06%,By Investing.com,https://www.investing.com/news/stock-market-news/european-stocks-higher-on-greek-debt-deal;-dax-jumps-1.06-231266,0.0
2014-08-22,LSE unveils $1.6 billion rights issue for Frank Russell deal,By Reuters,https://www.investing.com/news/stock-market-news/lse-unveils-$1.6-billion-rights-issue-for-frank-russell-deal-305076,0.0
2014-09-09,"Exclusive: S&P, Markit finalists for $1 billion-plus Barclays index unit - sources",By Reuters,"https://www.investing.com/news/stock-market-news/s-amp;p,-markit-finalists-for-$1-bln-plus-barclays-index-unit--sources-308814",0.0
2014-09-12,Virgin Money appoints Moreno chairman in runup to possible flotation ,By Reuters,"https://www.investing.com/news/economy-news/virgin-money-appoints-moreno-chairman,-readying-for-ipo-309192",0.0
2014-09-12,Exclusive: MSCI global indices may include Alibaba after investor queries,By Reuters,https://www.investing.com/news/stock-market-news/exclusive:-msci-global-indices-may-include-alibaba-after-investor-queries-309277,0.0
2014-09-26,"Tainted by compatriots' scandals, Chinese firms may struggle to float in Europe ",By Reuters,"https://www.investing.com/news/stock-market-news/tainted-by-compatriots'-scandals,-chinese-firms-may-struggle-to-float-in-europe-310878",0.0
2015-03-26,U.K. stocks lower at close of trade; FTSE 100 down 1.37%,By Investing.com,https://www.investing.com/news/stock-market-news/u.k.-stocks-lower-at-close-of-trade;-ftse-100-down-1.37-334364,0.0
2015-03-30,Former JP Morgan banker to head Barclays' UK ECM team - source,By Reuters,https://www.investing.com/news/stock-market-news/former-jp-morgan-banker-to-head-barclays'-uk-ecm-team---source-334824,0.0
2015-03-30,U.K. stocks higher at close of trade; FTSE 100 up 0.45%,By Investing.com,https://www.investing.com/news/stock-market-news/u.k.-stocks-higher-at-close-of-trade;-ftse-100-up-0.45-334854,0.0
2015-04-17,EU prepares rules for tackling failed financial firms outside banking,By Reuters,https://www.investing.com/news/stock-market-news/eu-prepares-rules-for-tackling-failed-financial-firms-outside-banking-337596,0.0
2015-08-13,U.K. stocks lower at close of trade; FTSE 100 down 0.04%,By Investing.com,https://www.investing.com/news/stock-market-news/u.k.-stocks-lower-at-close-of-trade;-ftse-100-down-0.04-355887,0.0
2015-08-25,U.K. stocks higher at close of trade; Investing.com United Kingdom 100 up 3.27%,By Investing.com,https://www.investing.com/news/stock-market-news/u.k.-stocks-higher-at-close-of-trade;-investing.com-united-kingdom-100-up-3.27-357620,0.0
2015-09-16,U.K. stocks higher at close of trade; Investing.com United Kingdom 100 up 1.42%,By Investing.com,https://www.investing.com/news/stock-market-news/u.k.-stocks-higher-at-close-of-trade;-investing.com-united-kingdom-100-up-1.42-361910,0.0
2015-09-17,U.K. stocks lower at close of trade; Investing.com United Kingdom 100 down 0.68%,By Investing.com,https://www.investing.com/news/stock-market-news/u.k.-stocks-lower-at-close-of-trade;-investing.com-united-kingdom-100-down-0.68-362190,0.0
2015-09-21,U.K. stocks higher at close of trade; Investing.com United Kingdom 100 up 0.08%,By Investing.com,https://www.investing.com/news/stock-market-news/u.k.-stocks-higher-at-close-of-trade;-investing.com-united-kingdom-100-up-0.08-362624,0.0
2015-10-01,U.K. stocks higher at close of trade; Investing.com United Kingdom 100 up 0.18%,By Investing.com,https://www.investing.com/news/stock-market-news/u.k.-stocks-higher-at-close-of-trade;-investing.com-united-kingdom-100-up-0.18-364223,0.0
2015-10-15,U.K. stocks higher at close of trade; Investing.com United Kingdom 100 up 1.10%,By Investing.com,https://www.investing.com/news/stock-market-news/u.k.-stocks-higher-at-close-of-trade;-investing.com-united-kingdom-100-up-1.10-366362,0.0
2016-02-23,"LSE confirms merger talks with Deutsche Boerse, shares surge",By Investing.com,"https://www.investing.com/news/stock-market-news/lse-confirms-merger-talks-with-deutsche-boerse,-shares-surge-386021",0.0
2016-03-01,"European stocks move higher with oil, despite Chinese data",By Investing.com,"https://www.investing.com/news/stock-market-news/european-stocks-move-higher-with-oil,-despite-chinese-data-387195",0.0
2016-03-01,NYSE owner ICE may gatecrash Deutsche Boerse-LSE merger,By Reuters,https://www.investing.com/news/stock-market-news/nyse-owner-ice-may-gatecrash-deutsche-boerse-lse-merger-387264,0.0
2016-03-01,"Dow jumps 200 points, leaving oil to choppy trade",By Investing.com,"https://www.investing.com/news/stock-market-news/dow-jumps-200-points,-leaving-oil-to-choppy-trade-387295",0.0
2016-03-03,ICE's play for LSE could include Borsa Italiana spinoff - source,By Reuters,https://www.investing.com/news/stock-market-news/ice's-play-for-lse-could-include-borsa-italiana-spinoff---source-387775,0.0
2016-03-07,LSE-Deutsche Boerse merger would signal end to exchange mega-deals,By Reuters,https://www.investing.com/news/stock-market-news/lse-deutsche-boerse-merger-would-signal-end-to-exchange-mega-deals-388410,0.0
2016-03-08,Deutsche Boerse and LSE could announce final merger agreement next week ,By Investing.com,https://www.investing.com/news/stock-market-news/deutsche-boerse-and-lse-could-announce-final-merger-agreement-next-week-388641,0.0
2016-03-10,Deutsche Boerse to sell ISE options exchange to Nasdaq ,By Reuters,https://www.investing.com/news/stock-market-news/deutsche-boerse-to-sell-ise-options-exchange-to-nasdaq-389006,0.0
2016-03-16,European stocks open broadly higher ahead of Fed; Dax up 0.49%,By Investing.com,https://www.investing.com/news/stock-market-news/european-stocks-open-broadly-higher-ahead-of-fed;-dax-up-0.49-390190,0.0
2016-03-16,Top 5 Things to Know In the Market on Wednesday,By Investing.com,https://www.investing.com/news/economy-news/top-5-things-to-know-in-the-market-on-wednesday-390203,0.0
2016-03-16,Top 5 things to watch today,By Investing.com,https://www.investing.com/news/economy-news/top-5-things-to-watch-today-390226,0.0
2016-03-16,Frankfurt and London seal $30 billion trading tie-up to counter U.S. threat,By Reuters,https://www.investing.com/news/stock-market-news/frankfurt-and-london-seal-$30-billion-trading-tie-up-to-counter-u.s.-threat-390182,0.0
2016-03-17,Euronext looks to snap up assets from any Deutsche Boerse-LSE fallout,By Reuters,https://www.investing.com/news/stock-market-news/euronext-looks-to-snap-up-assets-from-any-deutsche-boerse-lse-fallout-390533,0.0
2016-03-24,Smaller exchanges fight to survive in world of behemoths,By Reuters,https://www.investing.com/news/stock-market-news/smaller-exchanges-fight-to-survive-in-world-of-behemoths-391829,0.0
2016-03-30,U.K. stocks higher at close of trade; Investing.com United Kingdom 100 up 1.57%,By Investing.com,https://www.investing.com/news/stock-market-news/u.k.-stocks-higher-at-close-of-trade;-investing.com-united-kingdom-100-up-1.57-392554,0.0
2016-04-01,Brexit risks taking multi-trillion euro trading from London ,By Reuters,https://www.investing.com/news/economy-news/brexit-risks-taking-multi-trillion-euro-trading-from-london-393098,0.0
2016-04-05,U.K. stocks lower at close of trade; Investing.com United Kingdom 100 down 1.22%,By Investing.com,https://www.investing.com/news/stock-market-news/u.k.-stocks-lower-at-close-of-trade;-investing.com-united-kingdom-100-down-1.22-393630,0.0
2016-04-07,Mega deals morph into mega problems for Wall Street ,By Reuters,https://www.investing.com/news/stock-market-news/mega-deals-morph-into-mega-problems-for-wall-street-393965,0.0
2016-04-17,Deutsche Boerse says Brexit is a risk for any U.S. suitors for LSE,By Reuters,https://www.investing.com/news/stock-market-news/deutsche-boerse-sees-brexit-risk-for-potential-u.s.-suitors-for-lse-395976,1.0
2016-05-02,ICE may have more time to consider bid for London bourse,By Reuters,https://www.investing.com/news/stock-market-news/ice-may-have-more-time-to-consider-bid-for-london-bourse-399201,1.0
2016-05-04,ICE shelves plans for London bourse counter bid,By Reuters,https://www.investing.com/news/stock-market-news/ice-shelves-plans-for-london-bourse-counter-bid-399916,0.0
2016-05-11,"Deutsche Boerse CEO touts LSE merger, saying 'size is everything'",By Reuters,"https://www.investing.com/news/stock-market-news/deutsche-boerse-ceo-touts-lse-merger,-saying-'size-is-everything'-401261",0.0
2016-05-18,LSE to hold Deutsche Boerse merger vote in July,By Reuters,https://www.investing.com/news/stock-market-news/lse-to-hold-deutsche-boerse-merger-vote-in-july-402725,0.0
2016-06-03,Gulf investors hold back from UK property deals on Brexit fears,By Reuters,https://www.investing.com/news/stock-market-news/gulf-investors-hold-back-from-uk-property-deals-on-brexit-fears-406339,0.0
2016-06-12,"China's yuan trade system to open branches in London, New York",By Reuters,"https://www.investing.com/news/stock-market-news/china's-yuan-trade-system-to-open-branches-in-london,-new-york-407919",1.0
2016-06-28,Regulators examining LSE-Boerse merger after Brexit vote: German finance ministry,By Reuters,https://www.investing.com/news/stock-market-news/regulators-examining-lse-boerse-merger-after-brexit-vote:-german-finance-ministry-411060,0.0
2016-06-28,Top German regulator says no to London HQ for Deutsche Boerse-LSE,By Reuters,https://www.investing.com/news/economy-news/top-german-regulator-says-no-to-london-hq-for-deutsche-boerse-lse-411056,0.0
2016-06-29,Market infrastructure coped well with Brexit fallout: EU watchdog,By Reuters,https://www.investing.com/news/economy-news/market-infrastructure-coped-well-with-brexit-fallout:-eu-watchdog-411276,0.0
2016-07-04,European stocks mostly lower as financials weigh; DAX down 0.15%,By Investing.com,https://www.investing.com/news/stock-market-news/european-stocks-mostly-lower-as-financials-weigh;-dax-down-0.15-412246,0.0
2016-07-05,May leads three-horse PM race as Brexit hits pound and property,By Reuters,https://www.investing.com/news/world-news/brexit-worries-hit-uk-economy-as-conservatives-start-choosing-pm-412486,0.0
2016-07-06,"Brexit shock may boost, not hinder, yuan internationalization",By Reuters,"https://www.investing.com/news/stock-market-news/brexit-shock-may-boost,-not-hinder,-yuan-internationalization-412659",0.0
2016-07-06,EU finance chief wants system to wind down troubled clearing houses,By Reuters,https://www.investing.com/news/stock-market-news/eu-finance-chief-wants-system-to-wind-down-troubled-clearing-houses-412691,0.0
2016-08-10,Nasdaq to launch incentives to spur trading in low-volume ETFs,By Reuters,https://www.investing.com/news/stock-market-news/nasdaq-to-launch-incentives-to-spur-trading-in-low-volume-etfs-419570,0.0
2016-08-17,U.K. stocks lower at close of trade; Investing.com United Kingdom 100 down 0.48%,By Investing.com,https://www.investing.com/news/stock-market-news/u.k.-stocks-lower-at-close-of-trade;-investing.com-united-kingdom-100-down-0.48-420886,0.0
2016-08-24,Buba's Dombret says eyes LSE-Deutsche Boerse merger with some concern,By Reuters,https://www.investing.com/news/economy-news/buba's-dombret-says-eyes-lse-deutsche-boerse-merger-with-some-concern-422051,0.0
2016-09-13,U.K. stocks lower at close of trade; Investing.com United Kingdom 100 down 0.57%,By Investing.com,https://www.investing.com/news/stock-market-news/u.k.-stocks-lower-at-close-of-trade;-investing.com-united-kingdom-100-down-0.57-425902,0.0
2016-09-26,U.K. stocks lower at close of trade; Investing.com United Kingdom 100 down 1.35%,By Investing.com,https://www.investing.com/news/stock-market-news/u.k.-stocks-lower-at-close-of-trade;-investing.com-united-kingdom-100-down-1.35-428519,0.0
2016-09-28,Swiss Exchange confident of post-Brexit access to EU stock market,By Reuters,https://www.investing.com/news/stock-market-news/swiss-exchange-confident-of-post-brexit-access-to-eu-stock-market-429011,0.0
2016-09-28,"EU warns Deutsche Boerse, LSE deal could harm competition",By Reuters,"https://www.investing.com/news/stock-market-news/eu-regulators-to-investigate-deutsche-boerse,-lse-mega-deal-429008",0.0
2016-10-25,"'Siri, catch market cheats': Wall Street watchdogs turn to A.I.",By Reuters,"https://www.investing.com/news/technology-news/'siri,-catch-market-cheats':-wall-street-watchdogs-turn-to-a.i-434453",0.0
2016-10-31,U.S. Treasury's Lew urges UK and EU to ensure smooth Brexit,By Reuters,https://www.investing.com/news/economy-news/u.s.-treasury's-lew-urges-uk-and-eu-to-ensure-smooth-brexit-436125,0.0
2016-11-01,HSBC appoints former LSE chief Clara Furse to chair UK retail bank,By Reuters,https://www.investing.com/news/economy-news/hsbc-appoints-former-lse-chief-clara-furse-to-chair-uk-retail-bank-436454,0.0
2016-11-04,Tougher 'dark pool' rules trigger race for alternative venues,By Reuters,https://www.investing.com/news/stock-market-news/tougher-'dark-pool'-rules-trigger-race-for-alternative-venues-437815,0.0
2016-11-22,Deutsche Boerse CEO expects EU objections in mid-December,By Reuters,https://www.investing.com/news/stock-market-news/deutsche-boerse-ceo-expects-eu-objections-in-mid-december-442960,0.0
2016-12-15,Euro clearing may move from London but only after Brexit: source,By Reuters,https://www.investing.com/news/economy-news/euro-clearing-may-move-from-london-but-only-after-brexit:-source-448096,0.0
2016-12-21,LSE Group says markets have more work to do ahead of new trading rules,By Reuters,https://www.investing.com/news/stock-market-news/lse-group-says-markets-have-more-work-to-do-ahead-of-new-trading-rules-449240,0.0
2016-12-30,U.K. stocks higher at close of trade; Investing.com United Kingdom 100 up 0.26%,By Investing.com,https://www.investing.com/news/stock-market-news/u.k.-stocks-higher-at-close-of-trade;-investing.com-united-kingdom-100-up-0.26-450515,0.0
2017-01-03,LSE sells clearing business to Euronext in bid to win merger approval,By Reuters,https://www.investing.com/news/stock-market-news/lse-sells-clearing-business-to-euronext-in-bid-to-win-merger-approval-450812,0.0
2017-01-10,Brexit could put tens of thousands finance jobs at risk: executives,By Reuters,https://www.investing.com/news/stock-market-news/brexit-could-put-tens-of-thousands-finance-jobs-at-risk:-executives-452205,0.0
2017-01-11,Britain's finance industry drops demands for passporting after Brexit,By Reuters,https://www.investing.com/news/stock-market-news/britain's-finance-industry-drops-demands-for-passporting-after-brexit-452597,0.0
2017-01-16,Deutsche Boerse-LSE merger make markets healthier: Blackrock,By Reuters,https://www.investing.com/news/stock-market-news/deutsche-boerse-lse-merger-make-markets-healthier:-blackrock-453446,0.0
2017-01-17,Brexit drives push for bigger Frankfurt role in exchange merger,By Reuters,https://www.investing.com/news/economy-news/brexit-drives-push-for-bigger-frankfurt-role-in-exchange-merger-453714,0.0
2017-01-19,U.K. stocks lower at close of trade; Investing.com United Kingdom 100 down 0.48%,By Investing.com,https://www.investing.com/news/stock-market-news/u.k.-stocks-lower-at-close-of-trade;-investing.com-united-kingdom-100-down-0.48-454392,0.0
2017-01-31,U.K. stocks lower at close of trade; Investing.com United Kingdom 100 down 0.26%,By Investing.com,https://www.investing.com/news/stock-market-news/u.k.-stocks-lower-at-close-of-trade;-investing.com-united-kingdom-100-down-0.26-456938,0.0
2017-02-01,Deutsche Boerse says prosecutors investigating CEO's 2015 share purchase,By Reuters,https://www.investing.com/news/stock-market-news/deutsche-boerse-says-prosecutors-investigate-ceo's-share-purchase-457245,0.0
2017-02-02,Prosecutors investigate Deutsche Boerse CEO for alleged insider trading,By Reuters,https://www.investing.com/news/stock-market-news/prosecutors-confirm-investigating-deutsche-boerse-ceo-for-insider-trading-457366,0.0
2017-02-16,Deutsche Boerse CEO denies insider trading allegations,By Reuters,https://www.investing.com/news/stock-market-news/deutsche-boerse-ceo-says-insider-trading-allegations-will-prove-unfounded-460314,0.0
2017-02-21,"Deutsche Boerse, LSE plan further concession for EU merger approval: sources",By Reuters,"https://www.investing.com/news/stock-market-news/deutsche-boerse,-lse-plan-further-concession-for-eu-merger-approval:-sources-461291",0.0
2017-02-27,LSE shares down 3% as Deutsche Boerse merger in danger,By Investing.com,https://www.investing.com/news/stock-market-news/lse-shares-down-3-as-deutsche-boerse-merger-in-danger-462302,0.0
2017-02-27,"Global stocks mixed, dollar flat as Trump speech eyed",By Investing.com,"https://www.investing.com/news/stock-market-news/global-stocks-mixed,-dollar-flat-as-trump-speech-eyed-462305",0.0
2017-02-27,LSE scuppers Deutsche Boerse merger hopes by rejecting EU demand,By Reuters,https://www.investing.com/news/stock-market-news/lse-says-eu-unlikely-to-approve-deutsche-boerse-merger-462248,0.0
2017-02-27,"European stocks mixed, LSE-Deutsche Boerse merger derailed, DAX up 0.1%",By Investing.com,"https://www.investing.com/news/stock-market-news/european-stocks-mixed,-lse-deutsche-boerse-merger-derailed,-dax-up-0.1-462312",0.0
2017-02-27,Top 5 Things to Know in the Market on Monday,By Investing.com,https://www.investing.com/news/economy-news/top-5-things-to-know-in-the-market-on-monday-462317,0.0
2017-02-27,Top 5 things to watch today,By Investing.com,https://www.investing.com/news/economy-news/top-5-things-to-watch-today-462327,0.0
2017-02-27,"World stocks dip on M&A falling through, Buffett caution",By Reuters,https://www.investing.com/news/stock-market-news/asian-stocks-seen-weak-on-u.s.-cues;-bonds-eyed-462260,0.0
2017-02-28,Europe left exposed by demise of Anglo-German exchange merger,By Reuters,https://www.investing.com/news/stock-market-news/europe-left-exposed-by-demise-of-anglo-german-exchange-merger-462684,0.0
2017-03-06,"German minister warns UK over trade, predicts Frankfurt to gain",By Reuters,"https://www.investing.com/news/economy-news/german-minister-warns-uk-over-trade,-predicts-frankfurt-to-gain-464007",0.0
2017-03-22,EU to formally veto Deutsche Boerse LSE merger shortly: sources,By Reuters,https://www.investing.com/news/stock-market-news/eu-to-formally-veto-deutsche-boerse-lse-merger-shortly:-sources-468013,0.0
2017-03-28,"EU's Vestager to hold news conference on Wednesday, likely focus on exchanges deal",By Reuters,"https://www.investing.com/news/stock-market-news/eu's-vestager-to-hold-news-conference-on-wednesday,-likely-focus-on-exchanges-deal-469259",0.0
2017-03-29,EU vetos Deutsche Boerse-London Stock Exchange merger deal,By Reuters,"https://www.investing.com/news/stock-market-news/eu-antitrust-regulators-block-deutsche-boerse,-lse-merger-469564",0.0
2017-03-29,U.K. stocks higher at close of trade; Investing.com United Kingdom 100 up 0.42%,By Investing.com,https://www.investing.com/news/stock-market-news/u.k.-stocks-higher-at-close-of-trade;-investing.com-united-kingdom-100-up-0.42-469695,0.0
2017-03-30,LSE launches 200 million pound share buyback,By Reuters,https://www.investing.com/news/stock-market-news/lse-launches-200-million-pound-share-buyback-469837,0.0
2017-03-30,German lawmaker warns U.S. exchanges against Deutsche Boerse bids,By Reuters,https://www.investing.com/news/stock-market-news/u.s.-exchanges-warned-against-deutsche-boerse-bid-469885,0.0
2017-04-03,Euronext signs up ICE to replace LSE derivatives clearing unit,By Reuters,https://www.investing.com/news/stock-market-news/euronext-signs-up-ice-to-replace-lse-derivatives-clearing-unit-470643,0.0
2017-04-03,FTSE Russell to announce in July decision on adding Snap shares,By Reuters,https://www.investing.com/news/stock-market-news/ftse-russell-to-announce-in-july-decision-on-adding-snap-shares-471030,0.0
2017-04-12,Deutsche Boerse reluctant to extend CEO contract after failed merger: sources,By Reuters,https://www.investing.com/news/stock-market-news/deutsche-boerse-reluctant-to-extend-ceo-contract-after-failed-merger:-sources-473771,0.0
2017-04-19,Exclusive: China gathers state-led consortium for Aramco IPO - sources,By Reuters,https://www.investing.com/news/stock-market-news/exclusive:-china-gathers-state-led-consortium-for-aramco-ipo---sources-475333,0.0
2017-04-25,Glass Lewis urges vote against Deutsche Boerse board actions,By Reuters,https://www.investing.com/news/stock-market-news/glass-lewis-urges-vote-against-deutsche-boerse-board-actions-477286,0.0
2017-05-04,EU plans to ease derivatives rules in bid to boost economy,By Reuters,https://www.investing.com/news/economy-news/eu-plans-to-ease-derivatives-rules-in-bid-to-boost-economy-480109,0.0
2017-05-08,"As index reach grows, FTSE Russell chief downplays fears",By Reuters,"https://www.investing.com/news/stock-market-news/as-index-reach-grows,-ftse-russell-chief-downplays-fears-481279",0.0
2017-05-09,EU watchdog urges tougher euro clearing oversight after Brexit,By Reuters,https://www.investing.com/news/economy-news/eu-watchdog-urges-tougher-euro-clearing-oversight-after-brexit-481658,0.0
2017-05-16,No case for shifting euro clearing after Brexit: City of London,By Reuters,https://www.investing.com/news/economy-news/no-case-for-shifting-euro-clearing-after-brexit:-city-of-london-484803,0.0
2017-05-19,Euronext expects London to lose euro clearing after Brexit,By Reuters,https://www.investing.com/news/economy-news/euronext-expects-london-to-lose-euro-clearing-after-brexit-486493,0.0
2017-05-22,Deutsche Boerse CEO seeks end to insider trading probe: Handelsblatt,By Reuters,https://www.investing.com/news/stock-market-news/deutsche-boerse-ceo-seeks-end-to-insider-trading-probe:-handelsblatt-486923,0.0
2017-05-22,Exclusive: ECB plan to take euro clearing from London stalled by infighting - sources,By Reuters,https://www.investing.com/news/economy-news/exclusive:-ecb-plan-to-take-euro-clearing-from-london-stalled-by-infighting---sources-487016,0.0
2017-05-30,"European stocks fall on political worries, banks under pressure",By Investing.com,"https://www.investing.com/news/stock-market-news/european-stocks-fall-on-political-worries,-banks-under-pressure-489641",0.0
2017-05-30,LSE to buy Citi's bond data and indexes business for $685 million,By Reuters,https://www.investing.com/news/stock-market-news/lse-to-buy-citi's-fixed-income-analytics-and-index-operations-for-$685-million-489594,0.0
2017-06-04,Saudi Aramco warned by lawyers on New York IPO litigation risks: FT,By Reuters,https://www.investing.com/news/stock-market-news/saudi-aramco-warned-by-lawyers-on-new-york-ipo-litigation-risks:-ft-491661,1.0
2017-06-07,Deutsche Boerse says open to index and data business deals,By Reuters,https://www.investing.com/news/stock-market-news/deutsche-boerse-says-open-to-index-and-data-business-deals-492820,0.0
2017-06-08,LSE eyes more index deals after agreeing to buy Citi's Yield Book,By Reuters,https://www.investing.com/news/stock-market-news/lse-eyes-more-index-deals-after-agreeing-to-buy-citi's-yield-book-493375,0.0
2017-06-12,EU to propose new powers over location of euro clearing - FT,By Reuters,https://www.investing.com/news/economy-news/eu-to-propose-new-powers-over-location-of-euro-clearing---ft-494527,0.0
2017-06-13,Tech recovery helps European shares bounce back from 7-week lows; Capita rockets,By Reuters,https://www.investing.com/news/stock-market-news/tech-recovery-helps-european-shares-bounce-back-from-7-week-lows;-capita-rockets-494708,0.0
2017-06-13,U.K. stocks lower at close of trade; Investing.com United Kingdom 100 down 0.16%,By Investing.com,https://www.investing.com/news/stock-market-news/u.k.-stocks-lower-at-close-of-trade;-investing.com-united-kingdom-100-down-0.16-494941,0.0
2017-06-22,French central banker backs European Commission proposals on clearing,By Reuters,https://www.investing.com/news/economy-news/french-central-banker-backs-european-commission-proposals-on-clearing-498395,0.0
2017-07-05,FTSE Russell leaning toward minimum threshold for voting rights - CEO,By Reuters,https://www.investing.com/news/stock-market-news/ftse-russell-leaning-toward-minimum-threshold-for-voting-rights---ceo-502048,0.0
2017-07-09,Euronext CEO sees growing momentum for new stock listings,By Reuters,https://www.investing.com/news/stock-market-news/euronext-ceo-sees-growing-momentum-for-new-stock-listings-503582,1.0
2017-07-13,"Britain seeks looser IPO rules to lure Saudi Aramco, worries investors",By Reuters,https://www.investing.com/news/stock-market-news/britain-floats-new-sovereign-ipo-rules-in-bid-for-aramco-prize-505180,0.0
2017-07-18,Prosecutors offer to drop share buying probe into Deutsche Boerse CEO,By Reuters,https://www.investing.com/news/stock-market-news/prosecutors-offer-deal-on-deutsche-boerse-insider-trading-case-506822,0.0
2017-07-19,London Stock Exchange Group tests blockchain for private company shares,By Reuters,https://www.investing.com/news/technology-news/london-stock-exchange-group-tests-blockchain-for-private-company-shares-507136,0.0
2017-07-19,Deutsche Boerse cultivates local ties after LSE deal setback,By Reuters,https://www.investing.com/news/stock-market-news/deutsche-boerse-cultivates-local-ties-after-lse-deal-setback-507182,0.0
2017-07-19,German regulator to assess suitability of Deutsche Boerse management,By Reuters,https://www.investing.com/news/stock-market-news/german-regulator-to-assess-suitability-of-deutsche-boerse-management-507423,0.0
2017-07-20,Insider trading probe into Deutsche Boerse CEO still open: prosecutor,By Reuters,https://www.investing.com/news/stock-market-news/insider-trading-probe-into-deutsche-boerse-ceo-still-open:-prosecutor-507692,0.0
2017-07-23,"Record number of advisers quit London's AIM market, study finds",By Reuters,"https://www.investing.com/news/stock-market-news/record-number-of-advisers-quit-london's-aim-market,-study-finds-508830",1.0
2017-07-25,Eurex says EU euro clearing plans don't go far enough,By Reuters,https://www.investing.com/news/economy-news/eurex-says-eu-euro-clearing-plans-don't-go-far-enough-509559,0.0
2017-07-25,IMF sees negligible rise in costs from moving London clearing after Brexit,By Reuters,https://www.investing.com/news/economy-news/imf-sees-negligible-rise-in-costs-from-moving-london-clearing-after-brexit-509763,0.0
2017-07-25,FTSE Russell says most investors support voting rights for index inclusion,By Reuters,https://www.investing.com/news/stock-market-news/ftse-russell-says-majority-support-voting-rights-for-index-inclusion-509702,0.0
2017-07-27,Exclusive: Saudi Aramco advisers favor London for historic IPO - sources,By Reuters,https://www.investing.com/news/stock-market-news/exclusive:-saudi-aramco-advisers-favor-london-for-historic-ipo---sources-511092,0.0
2017-07-28,Deutsche Boerse's Kengeter in close contact with LSE in run-up to merger talks: Der Spiegel,By Reuters,https://www.investing.com/news/stock-market-news/deutsche-boerse's-kengeter-in-close-contact-with-lse-in-run-up-to-merger-talks:-der-spiegel-511787,0.0
2017-08-08,Euronext renews deal with LSE business in clearing u-turn,By Reuters,https://www.investing.com/news/stock-market-news/euronext-bourse-to-renew-clearing-contract-with-lse-unit-515700,0.0
2017-08-10,Exclusive: Foundations for post-Libor system sliding into place,By Reuters,https://www.investing.com/news/economy-news/exclusive-foundations-for-postlibor-system-sliding-into-place-517190,0.0
2017-08-21,Trade body wants English courts to rule on European swaps after Brexit,By Reuters,https://www.investing.com/news/economy-news/trade-body-wants-english-courts-to-rule-on-european-swaps-after-brexit-520599,0.0
2017-09-06,France wants right to veto euro clearing in UK after Brexit: sources,By Reuters,https://www.investing.com/news/economy-news/france-wants-right-to-veto-euro-clearing-in-uk-after-brexit-sources-525978,0.0
2017-09-07,Deutsche Boerse CEO says disputed share deals were 'moral duty',By Reuters,https://www.investing.com/news/stock-market-news/deutsche-boerse-ceo-says-disputed-share-deals-were-moral-duty-526340,0.0
2017-09-13,UK's Hammond says rejects 'protectionist' EU agendas after Brexit,By Reuters,https://www.investing.com/news/economy-news/uks-hammond-says-rejects-protectionist-eu-agendas-after-brexit-528525,0.0
2017-09-13,Deutsche Boerse seeks to close insider trading case by paying fine,By Reuters,https://www.investing.com/news/stock-market-news/deutsche-boerse-seeks-to-close-insider-trading-case-by-paying-fine-528579,0.0
2017-09-20,"At Deutsche Boerse, time and support dwindle for CEO Kengeter",By Reuters,https://www.investing.com/news/stock-market-news/at-deutsche-boerse-time-and-support-dwindle-for-ceo-kengeter-530888,0.0
2017-10-03,Bank of England sees Brexit risks to EU bank lending in UK and clearing,By Reuters,https://www.investing.com/news/economy-news/bank-of-england-sees-brexit-risks-to-eu-bank-lending-in-uk-and-clearing-535918,0.0
2017-10-05,Linde urges investors to exchange shares for Praxair merger,By Reuters,https://www.investing.com/news/stock-market-news/linde-urges-investors-to-exchange-shares-for-praxair-merger-537146,0.0
2017-10-09,Deutsche Boerse steps up clearing fight with London ahead of Brexit,By Reuters,https://www.investing.com/news/stock-market-news/deutsche-boerse-steps-up-clearing-fight-with-london-ahead-of-brexit-538544,0.0
2017-10-10,Looser rules unlikely to boost U.S. company listings: FTSE Russell CEO,By Reuters,https://www.investing.com/news/stock-market-news/looser-rules-unlikely-to-boost-us-company-listings-ftse-russell-ceo-539669,0.0
2017-10-13,Deutsche Boerse CEO discussed merger with Finance Minister before share purchase: report,By Reuters,https://www.investing.com/news/stock-market-news/deutsche-boerse-ceo-discussed-merger-with-finance-minister-before-share-purchase-report-541116,0.0
2017-10-16,Three biggest U.S. clearing houses pass liquidity stress tests: CFTC,By Reuters,https://www.investing.com/news/stock-market-news/three-biggest-us-clearing-houses-pass-liquidity-stress-tests-cftc-541769,0.0
2017-10-17,LSE's Rolet says shift in euro clearing would bump up costs,By Reuters,https://www.investing.com/news/stock-market-news/lses-rolet-says-shift-in-euro-clearing-would-bump-up-costs-542540,0.0
2017-10-23,Deutsche Boerse CEO suffers court setback in insider trading case,By Reuters,https://www.investing.com/news/stock-market-news/deutsche-boerse-says-court-has-refused-to-halt-ceo-proceedings-545993,0.0
2017-10-24,ICE buys stake in Euroclear to bolster European securities footprint,By Reuters,https://www.investing.com/news/stock-market-news/ice-buys-stake-in-euroclear-to-bolster-european-securities-footprint-546800,0.0
2017-10-26,Deutsche Boerse CEO to step down amid insider trading probe,By Reuters,https://www.investing.com/news/stock-market-news/deutsche-boerse-ceo-to-step-down-amid-insider-trading-probe-548464,0.0
2017-11-03,"Activist TCI calls on LSE chairman to step down, says Rolet being forced out",By Reuters,https://www.investing.com/news/stock-market-news/activist-tci-calls-on-lse-chairman-to-step-down-says-rolet-being-forced-out-763860,0.0
2017-11-08,Investor demands LSE let CEO Rolet speak about reasons for his departure,By Reuters,https://www.investing.com/news/stock-market-news/investor-demands-lse-let-ceo-rolet-speak-about-reasons-for-his-departure-840070,0.0
2017-11-10,LSE to call vote on investor's call to oust chairman,By Reuters,https://www.investing.com/news/stock-market-news/lse-to-call-vote-on-investors-call-to-oust-chairman-841869,0.0
2017-11-15,LSE Group lobbies for U.S support in Brexit clearing battle,By Reuters,https://www.investing.com/news/stock-market-news/lse-group-lobbies-for-us-support-in-brexit-clearing-battle-862884,0.0
2017-11-15,JPMorgan says fears Brexit day upheaval if UK clearing houses cut off,By Reuters,https://www.investing.com/news/stock-market-news/jpmorgan-says-fears-brexit-day-upheaval-if-uk-clearing-houses-cut-off-864213,0.0
2017-11-29,CEO quits as LSE tries to draw line under management row,By Reuters,https://www.investing.com/news/stock-market-news/london-stock-exchange-ceo-rolet-steps-down-925807,0.0
2017-12-05,London Stock Exchange Group appoints Val Rahmani to male-majority board,By Reuters,https://www.investing.com/news/stock-market-news/london-stock-exchange-group-appoints-val-rahmani-to-malemajority-board-955079,0.0
2017-12-06,Deutsche Boerse chairman considering early departure: Handelsblatt,By Reuters,https://www.investing.com/news/stock-market-news/deutsche-boerse-chairman-considering-early-departure-handelsblatt-961496,0.0
2017-12-14,"UK keeps top financial sector global ranking, Brexit seen as risk",By Reuters,https://www.investing.com/news/economy-news/uk-keeps-top-financial-sector-global-ranking-brexit-seen-as-risk-995288,0.0
2017-12-16,"China, UK vow to bolster economic cooperation, speed up stock connect plan",By Reuters,https://www.investing.com/news/economy-news/china-uk-vow-to-continue-strengthen-economic-financial-cooperation-1000342,1.0
2017-12-18,Hedge fund manager Hohn won't attend LSE vote - source,By Reuters,https://www.investing.com/news/stock-market-news/hedge-fund-manager-hohn-wont-attend-lse-vote--source-1002412,0.0
2017-12-19,TCI fails in bid to oust London Stock Exchange chairman,By Reuters,https://www.investing.com/news/stock-market-news/lse-board-accused-of-very-sorry-affair-over-ceo-spat-1008253,0.0
2017-12-22,EU markets hold their breath ahead of 'MiFID' Day,By Reuters,https://www.investing.com/news/stock-market-news/eu-markets-hold-their-breath-ahead-of-mifid-day-1022879,0.0
2017-12-29,London Stock Exchange's company floats hit 3-year high at 15 billion pounds,By Reuters,https://www.investing.com/news/stock-market-news/london-stock-exchanges-company-floats-hit-3year-high-at-15-billion-pounds-1041623,0.0
2018-01-02,Bankers to burn midnight oil ahead of 'MiFID' dawn,By Reuters,https://www.investing.com/news/stock-market-news/bankers-to-burn-midnight-oil-ahead-of-mifid-dawn-1052213,0.0
2018-01-03,MiFID Reprieve Delays Open Access for Derivatives to 2020,By Bloomberg,https://www.investing.com/news/stock-market-news/mifid-reprieve-delays-open-access-for-derivatives-to-2020-1059571,0.0
2018-01-04,Euronext cites Brexit to escape EU markets competition rule,By Reuters,https://www.investing.com/news/stock-market-news/euronext-becomes-latest-exchange-to-escape-competition-rule-1062662,0.0
2018-01-12,Exclusive: EU Parliament expected to soften euro clearing relocation powers,By Reuters,https://www.investing.com/news/stock-market-news/exclusive-eu-parliament-expected-to-soften-euro-clearing-relocation-powers-1099030,0.0
2018-01-24,U.K. stocks lower at close of trade; Investing.com United Kingdom 100 down 1.19%,By Investing.com,https://www.investing.com/news/stock-market-news/uk-stocks-lower-at-close-of-trade-investingcom-united-kingdom-100-down-119-1146169,0.0
2018-02-15,Virgin Money creates rare female top team with new hire,By Reuters,https://www.investing.com/news/stock-market-news/virgin-money-picks-dorner-to-form-rare-female-leadership-team-1251606,0.0
2018-02-19,LSE goes head to head with ICE over Libor replacement,By Reuters,https://www.investing.com/news/stock-market-news/lse-goes-head-to-head-with-ice-over-libor-replacement-1273266,0.0
2018-03-07,EU regulator rolls out trading caps for bulk of stock market,By Reuters,https://www.investing.com/news/stock-market-news/eu-regulator-rolls-out-trading-caps-for-bulk-of-stock-market-1330179,0.0
2018-03-21,U.K. stocks lower at close of trade; Investing.com United Kingdom 100 down 0.33%,By Investing.com,https://www.investing.com/news/stock-market-news/uk-stocks-lower-at-close-of-trade-investingcom-united-kingdom-100-down-033-1352812,0.0
2018-03-22,Paris unit of LCH to overtake London in some euro clearing after Brexit,By Reuters,https://www.investing.com/news/stock-market-news/paris-unit-of-lch-to-overtake-london-in-some-euro-clearing-after-brexit-1354493,0.0
2018-03-28,CME Group Is in Advanced Talks to Acquire NEX for $5.4 Billion,By Bloomberg,https://www.investing.com/news/stock-market-news/cme-group-is-in-advanced-talks-to-acquire-nex-for-54-billion-1368079,0.0
2018-03-29,"In Italy, activist investors find a happy hunting ground",By Reuters,https://www.investing.com/news/stock-market-news/in-italy-activist-investors-find-a-happy-hunting-ground-1369741,0.0
2018-04-12,China Aiming for a Stock-Trading Link With London This Year,By Bloomberg,https://www.investing.com/news/stock-market-news/china-aiming-for-a-stocktrading-link-with-london-this-year-1390911,0.0
2018-04-13,Goldman's Schwimmer to steer London Stock Exchange through Brexit,By Reuters,https://www.investing.com/news/stock-market-news/london-stock-exchange-group-appoints-goldmans-schwimmer-as-ceo-1393195,0.0
2018-04-18,ICE exchange to launch three-month Sonia futures contract in June,By Reuters,https://www.investing.com/news/stock-market-news/ice-exchange-to-launch-threemonth-sonia-futures-contract-in-june-1400246,0.0
2018-04-18,BoE expects big switch from Libor to start in earnest,By Reuters,https://www.investing.com/news/economy-news/boe-expects-big-switch-from-libor-to-start-in-earnest-1400539,0.0
2018-05-16,Deutsche Boerse's chairman signals may not serve full term,By Reuters,https://www.investing.com/news/stock-market-news/deutsche-boerse-ceo-is-on-the-lookout-for-acquisitions-1449364,0.0
2018-05-20,London-Shanghai Link Moves Closer as LSE Pitches Program Details,By Bloomberg,https://www.investing.com/news/stock-market-news/londonshanghai-link-moves-closer-as-lse-pitches-program-details-1455031,1.0
2018-06-04,Pershing Square's Fraidin to join Cadwalader as M&A lawyer,By Reuters,https://www.investing.com/news/stock-market-news/pershing-squares-fraidin-to-join-cadwalader-as-ma-lawyer-1478589,0.0
2018-06-05,Top exchange warns about EU regulating foreign firms after Brexit,By Reuters,https://www.investing.com/news/stock-market-news/top-exchange-warns-about-eu-regulating-foreign-firms-after-brexit-1481015,0.0
2018-06-06,EU lawmaker rules out 'mutual recognition' for UK financial firms,By Reuters,https://www.investing.com/news/economy-news/eu-lawmaker-rules-out-mutual-recognition-for-uk-financial-firms-1482011,0.0
2018-06-12,Resurgent trading helped global exchanges' revenues hit record in 2017: report,By Reuters,https://www.investing.com/news/stock-market-news/resurgent-trading-helped-global-exchanges-revenues-hit-record-in-2017-report-1489039,0.0
2018-06-21,Britain might not play fair with Brexit: Deutsche Boerse chief,By Reuters,https://www.investing.com/news/stock-market-news/britain-might-not-play-fair-with-brexit-deutsche-boerse-chief-1502908,0.0
2018-06-26,EU signals no easing up on financial market access after Brexit,By Reuters,https://www.investing.com/news/economy-news/eu-signals-no-easing-up-on-financial-market-access-after-brexit-1507204,0.0
2018-07-03,LSE applies for Dutch trading licenses in case of hard Brexit,By Reuters,https://www.investing.com/news/stock-market-news/lse-applies-for-dutch-trading-licenses-in-case-of-hard-brexit-1516648,0.0
2018-07-12,EU tells UK financial firms time running out for Brexit licenses,By Reuters,https://www.investing.com/news/stock-market-news/eu-tells-uk-financial-firms-time-running-out-for-brexit-licenses-1526773,0.0
2018-07-13,EU markets watchdog intervenes in share trading ahead of Brexit,By Reuters,https://www.investing.com/news/stock-market-news/eu-markets-watchdog-intervenes-in-share-trading-ahead-of-brexit-1528602,0.0
2018-07-30,Deutsche shifts chunk of euro clearing to Frankfurt from London,By Reuters,https://www.investing.com/news/stock-market-news/deutsche-bank-shifts-large-part-of-euro-clearing-to-frankfurt-from-london-1550574,0.0
2018-08-02,U.K. stocks lower at close of trade; Investing.com United Kingdom 100 down 0.99%,By Investing.com,https://www.investing.com/news/stock-market-news/uk-stocks-lower-at-close-of-trade-investingcom-united-kingdom-100-down-099-1557905,0.0
2018-08-06,China Pushes for Arbitrage Cap on London Stock Link,By Bloomberg,https://www.investing.com/news/stock-market-news/china-pushes-for-arbitrage-cap-on-london-stock-link-1562496,0.0
2018-09-04,German official pours cold water over UK call for broad EU banking access,By Reuters,https://www.investing.com/news/economy-news/german-official-pours-cold-water-over-uk-call-for-broad-eu-banking-access-1596769,0.0
2018-09-10,U.K. stocks higher at close of trade; Investing.com United Kingdom 100 up 0.05%,By Investing.com,https://www.investing.com/news/stock-market-news/uk-stocks-higher-at-close-of-trade-investingcom-united-kingdom-100-up-005-1604430,0.0
2018-09-24,Activist hedge fund TCI cuts stake in London Stock Exchange,By Reuters,https://www.investing.com/news/stock-market-news/activist-hedge-fund-tci-cuts-stake-in-london-stock-exchange-1621421,0.0
2018-09-27,"London-Shanghai Stock Link May Start December, China Media Says",By Bloomberg,https://www.investing.com/news/stock-market-news/londonshanghai-stock-link-may-start-december-china-media-says-1625771,0.0
2018-09-28,Funding Circle makes lackluster $2 billion London debut in test of demand,By Reuters,https://www.investing.com/news/stock-market-news/funding-circle-makes-lackluster-2-billion-london-debut-in-test-of-demand-1627565,0.0
2018-10-03,"European Banks Need London Clearing for Brexit Risks, ESMA Says",By Bloomberg,https://www.investing.com/news/economy-news/european-banks-need-london-clearing-for-brexit-risks-esma-says-1633437,0.0
2018-10-11,British banks risk ratings downgrades in disorderly Brexit: S&P,By Reuters,https://www.investing.com/news/economy-news/british-banks-risk-ratings-downgrades-in-disorderly-brexit-sp-1640867,0.0
2018-10-17,U.S. watchdog threatens retaliation over EU clearing rules,By Reuters,https://www.investing.com/news/stock-market-news/us-watchdog-threatens-retaliation-over-eu-clearing-rules-1648048,0.0
2018-10-18,EU rejects U.S. 'blackmail' to dilute derivatives clearing rules,By Reuters,https://www.investing.com/news/economy-news/eu-rejects-us-blackmail-to-dilute-derivatives-clearing-rules-1650326,0.0
2018-10-25,Deutsche Boerse steps up clearing battle with London ahead of Brexit,By Reuters,https://www.investing.com/news/stock-market-news/deutsche-boerse-steps-up-clearing-battle-with-london-ahead-of-brexit-1659074,0.0
2018-10-25,NYC pension fund leader asks index providers to reconsider Saudi Arabia,By Reuters,https://www.investing.com/news/stock-market-news/nyc-pension-fund-leader-asks-index-providers-to-reconsider-saudi-arabia-1659350,0.0
2018-10-26,EU shows no sign of heeding U.S. threat over derivatives clearing,By Reuters,https://www.investing.com/news/stock-market-news/eu-shows-no-sign-of-heeding-us-threat-over-derivatives-clearing-1661548,0.0
2018-10-29,Euronext Halts Equities Trading in Its Worst Outage Since 2016,By Bloomberg,https://www.investing.com/news/stock-market-news/euronext-halts-equities-trading-in-its-worst-outage-since-2016-1663506,0.0
2018-11-15,Business bosses alarmed as resignations imperil Brexit deal,By Reuters,https://www.investing.com/news/stock-market-news/business-bosses-alarmed-as-resignations-imperil-brexit-deal-1690064,0.0
2018-12-03,"EU takes new step on derivative clearing, despite UK, U.S. concerns",By Reuters,https://www.investing.com/news/stock-market-news/eu-takes-new-step-on-derivative-clearing-despite-uk-us-concerns-1708513,0.0
2018-12-03,Brexit Derivatives Brinkmanship Pits U.K. Firms Against Brussels,By Bloomberg,https://www.investing.com/news/economy-news/brexit-derivatives-brinkmanship-pits-uk-firms-against-brussels-1709170,0.0
2018-12-10,Qatar Investment Authority has accelerated investments in technology: CEO,By Reuters,https://www.investing.com/news/economy-news/qatar-investment-authority-has-accelerated-investments-in-technology-ceo-1716341,0.0
2018-12-11,EU to act on derivatives clearing in case of no-deal Brexit: document,By Reuters,https://www.investing.com/news/economic-indicators/eu-to-act-on-derivatives-clearing-in-case-of-nodeal-brexit-document-1718441,0.0
2018-12-11,EU Drafts No-Deal Brexit Plan to Avert Swap-Market Rupture,By Bloomberg,https://www.investing.com/news/economy-news/eu-drafts-nodeal-brexit-plan-to-avert-swapmarket-rupture-1718545,0.0
2018-12-14,LSE names Experian's Donald Robert as next chairman,By Reuters,https://www.investing.com/news/stock-market-news/lse-names-experians-donald-robert-as-next-chairman-1721996,0.0
2018-12-21,Deutsche Boerse fined $12 million in insider trading case,By Reuters,https://www.investing.com/news/stock-market-news/deutsche-boerse-fined-105-million-euros-in-insider-trading-case-1729091,0.0
2019-01-02,Prosecutor drops insider trading case against former Deutsche Boerse CEO,By Reuters,https://www.investing.com/news/stock-market-news/german-prosecutor-drops-insider-trading-probe-against-deutsche-boerse-exceo-1735019,0.0
2019-01-13,Qatar Investment Authority aims to reach $45 billion in U.S. investments: CEO,By Reuters,https://www.investing.com/news/stock-market-news/qatar-investment-authority-targets-45-billion-in-us-investments-ceo-1745393,1.0
2019-01-22,LSE's technology to power Asian cryptocurrency platform,By Reuters,https://www.investing.com/news/cryptocurrency-news/lses-technology-to-power-asian-cryptocurrency-platform-1753163,0.0
2019-01-22,London Stock Exchange Trading Tech to Power New Hong Kong Crypto Exchange,By Cointelegraph,https://www.investing.com/news/cryptocurrency-news/london-stock-exchange-trading-tech-to-power-new-hong-kong-crypto-exchange-1753971,0.0
2019-02-09,Dutch government says in talks with 250 companies about Brexit move,By Reuters,https://www.investing.com/news/economy-news/dutch-government-says-in-talks-with-250-companies-about-brexit-move-1774827,1.0
2019-03-01,U.K. stocks higher at close of trade; Investing.com United Kingdom 100 up 0.47%,By Investing.com,https://www.investing.com/news/stock-market-news/uk-stocks-higher-at-close-of-trade-investingcom-united-kingdom-100-up-047-1795711,0.0
2019-03-20,Europeans Try to Kill MiFID Rule in Brexit Derivatives Fight,By Bloomberg,https://www.investing.com/news/stock-market-news/europeans-try-to-kill-mifid-rule-in-brexit-derivatives-fight-1812979,0.0
2019-03-28,The Brexit Day That Wasn't Leaves Britain Counting the Cost,By Bloomberg,https://www.investing.com/news/economy-news/the-brexit-day-that-wasnt-leaves-britain-counting-the-cost-1821646,0.0
2019-04-18,Big corporates back crypto 'plumbing' despite currency caution,By Reuters,https://www.investing.com/news/cryptocurrency-news/big-corporates-back-crypto-plumbing-despite-currency-caution-1839421,0.0
2019-05-01,LSE Says Brexit Hasn't Changed Client Behavior at Clearing Arm,By Bloomberg,https://www.investing.com/news/stock-market-news/lse-says-brexit-hasnt-changed-client-behavior-at-clearing-arm-1851957,0.0
2019-05-01,U.K. stocks lower at close of trade; Investing.com United Kingdom 100 down 0.46%,By Investing.com,https://www.investing.com/news/stock-market-news/uk-stocks-lower-at-close-of-trade-investingcom-united-kingdom-100-down-046-1852689,0.0
2019-06-18,StockBeat: There's More to U.K. Stocks Than Brexit,By Investing.com,https://www.investing.com/news/stock-market-news/stockbeat-theres-more-to-uk-stocks-than-brexit-1900266,0.0
2019-06-28,French market watchdog to London: stop trading EU shares after Brexit,By Reuters,https://www.investing.com/news/stock-market-news/french-market-watchdog-to-london-stop-trading-eu-shares-after-brexit-1910452,0.0
2019-07-16,Midweek Brexit magnifies headache for banks,By Reuters,https://www.investing.com/news/stock-market-news/midweek-brexit-magnifies-headache-for-banks-1924999,0.0
2019-07-16,Wall Street finds blockchain hard to tame after early euphoria,By Reuters,https://www.investing.com/news/stock-market-news/wall-street-finds-blockchain-hard-to-tame-after-early-euphoria-1924555,0.0
2019-07-24,Doubts mount over UK finance sector's access to EU after Brexit,By Reuters,https://www.investing.com/news/economic-indicators/doubts-mount-over-uk-finance-sectors-access-to-eu-after-brexit-1932867,0.0
2019-07-26,London Stock Exchange in talks to buy Refinitiv for $27 billion,By Reuters,https://www.investing.com/news/stock-market-news/london-stock-exchange-in-talks-to-combine-with-refinitiv-ft-1936406,0.0
2019-07-28,"LSE's bid for Refinitiv spotlights quest for data, globality",By Reuters,https://www.investing.com/news/stock-market-news/lses-bid-for-refinitiv-spotlights-quest-for-data-globality-1936898,1.0
2019-07-28,LSE-Refinitiv deal faces long antitrust review: sources,By Reuters,https://www.investing.com/news/stock-market-news/lserefinitiv-deal-faces-long-antitrust-review-sources-1937011,1.0
2019-07-29,"Merger cheer, Sanofi lift European shares; Fed in focus",By Reuters,https://www.investing.com/news/stock-market-news/merger-cheer-sanofi-lift-european-shares-fed-in-focus-1937288,0.0
2019-07-29,Top 5 Things to Know in the Market on Monday,By Investing.com,https://www.investing.com/news/economy-news/top-5-things-to-know-in-the-market-on-monday-1937299,0.0
2019-07-29,Stockbeat: Merger Mania Drives FTSE; Ryanair Sticks to its Guns,By Investing.com,https://www.investing.com/news/stock-market-news/stockbeat-merger-mania-drives-ftse-ryanair-sticks-to-its-guns-1937300,0.0
2019-07-29,LSE shares jump after proposed $27 billion Refinitiv deal,By Reuters,https://www.investing.com/news/stock-market-news/lse-shares-jump-after-proposed-27-billion-refinitiv-deal-1937248,0.0
2019-07-29,U.K. stocks higher at close of trade; Investing.com United Kingdom 100 up 1.84%,By Investing.com,https://www.investing.com/news/stock-market-news/uk-stocks-higher-at-close-of-trade-investingcom-united-kingdom-100-up-184-1937857,0.0
2019-07-31,Devil in the data as funds call for scrutiny of LSE's Refinitiv deal,By Reuters,https://www.investing.com/news/stock-market-news/devil-in-the-data-as-funds-call-for-scrutiny-of-lses-refinitiv-deal-1940803,0.0
2019-08-01,Seeds of London Stock Exchange deal planted at flower show,By Reuters,https://www.investing.com/news/stock-market-news/seeds-of-london-stock-exchange-deal-planted-at-flower-show-1941819,0.0
2019-08-01,Financials drive European stocks bounce after Fed hit,By Reuters,https://www.investing.com/news/stock-market-news/european-stocks-down-after-fed-disappoints-shell-falls-1941944,0.0
2019-08-01,"NYSE-owner ICE beats profit view on growth in transaction, data units",By Reuters,https://www.investing.com/news/stock-market-news/nyseowner-ice-beats-profit-view-on-growth-in-transaction-data-units-1942329,0.0
2019-08-01,U.K. stocks lower at close of trade; Investing.com United Kingdom 100 down 0.03%,By Investing.com,https://www.investing.com/news/stock-market-news/uk-stocks-lower-at-close-of-trade-investingcom-united-kingdom-100-down-003-1942839,0.0
2019-08-02,Refinitiv removes Reuters story on Hong Kong protests from screens in China,By Reuters,https://www.investing.com/news/world-news/refinitiv-removes-reuters-story-on-hong-kong-protests-from-screens-in-china-1944336,0.0
2019-08-16,"Semiconductors, China stimulus hopes push European shares higher",By Reuters,https://www.investing.com/news/stock-market-news/semiconductors-china-stimulus-hopes-push-european-shares-higher-1956846,0.0
2019-08-17,Last orders: Rise of closing auctions stirs worries in European stock markets,By Reuters,https://www.investing.com/news/stock-market-news/last-orders-rise-of-closing-auctions-stirs-worries-in-european-stock-markets-1957693,1.0
2019-08-19,Last orders: Rise of closing auctions stirs worries in European stock markets,By Reuters,https://www.investing.com/news/stock-market-news/last-orders-rise-of-closing-auctions-stirs-worries-in-european-stock-markets-1957959,0.0
2019-08-20,"Taking aim at rivals, CBOE Europe's closing auction debuts with tiny volume",By Reuters,https://www.investing.com/news/stock-market-news/taking-aim-at-rivals-cboe-europes-closing-auction-debuts-with-tiny-volume-1959341,0.0
2019-09-05,Over 100 London investment firms get EU licenses for Brexit hubs: regulator,By Reuters,https://www.investing.com/news/stock-market-news/over-100-london-investment-firms-get-eu-licenses-for-brexit-hubs-regulator-1971451,0.0
2019-09-11,NewsBreak: Hong Kong Stock Exchange Makes Surprise Bid to Buy LSE,By Investing.com,https://www.investing.com/news/stock-market-news/newsbreak-hong-kong-stock-exchange-makes-surprise-bid-to-buy-lse-1975245,0.0
2019-09-11,Top 5 Things to Know in the Markets on  Wednesday,By Investing.com,https://www.investing.com/news/economy/top-5-things-to-know-in-the-markets-on--wednesday-1975297,0.0
2019-09-11,"Hong Kong Exchange in $39 billion bid for LSE, rivaling Refinitiv deal",By Reuters,https://www.investing.com/news/stock-market-news/hong-kong-exchanges-and-clearing-proposes-merger-with-lse-1975243,0.0
2019-09-12,Hong Kong Exchanges and Clearing Makes Takeover Bid for London Stock Exchange,By Investing.com,https://www.investing.com/news/stock-market-news/hong-kong-exchanges-and-clearing-makes-takeover-bid-for-london-stock-exchange-1976198,0.0
2019-09-12,AB InBev set to revive Budweiser Asia IPO with $5 billion float: sources,By Reuters,https://www.investing.com/news/stock-market-news/ab-inbev-set-to-revive-budweiser-asia-ipo-with-5-billion-float-sources-1976230,0.0
2019-09-12,LSE board poised to decide fate of Hong Kong exchange's $39 billion offer,By Reuters,https://www.investing.com/news/stock-market-news/hong-kong-exchange-set-to-fall-33-after-39-billion-takeover-bid-for-lse-1976150,0.0
2019-09-13,Hong Kong exchange vows to press on with $39 billion LSE bid after rebuff,By Reuters,https://www.investing.com/news/stock-market-news/london-stock-exchange-rejects-hong-kong-takeover-bid-1977427,0.0
2019-09-13,Hong Kong exchange vows to press on with $39 billion LSE bid after rebuff,By Reuters,https://www.investing.com/news/stock-market-news/hong-kong-exchange-vows-to-press-on-with-39-billion-lse-bid-after-rebuff-1977711,0.0
2019-09-15,"After LSE's sharp rebuff, HKEX begins investor charm offensive",By Reuters,https://www.investing.com/news/stock-market-news/after-lses-sharp-rebuff-hkex-begins-investor-charm-offensive-1978215,1.0
2019-09-15,Asian Markets Mixed; Central Bank Meetings in Focus This Week,By Investing.com,https://www.investing.com/news/stock-market-news/asian-markets-mixed-central-bank-meetings-in-focus-this-week-1978372,1.0
2019-09-17,Italy reserves right to use special powers to protect Milan bourse: document,By Reuters,https://www.investing.com/news/stock-market-news/italy-reserves-right-to-use-special-powers-to-protect-milan-bourse-document-1980099,0.0
2019-09-19,LSE CEO Schwimmer says feels 'very good' about Refinitiv deal,By Reuters,https://www.investing.com/news/stock-market-news/lse-ceo-schwimmer-says-feels-very-good-about-refinitiv-deal-1981636,0.0
2019-09-30,Britain's Burford takes legal action to get share data from LSE,By Reuters,https://www.investing.com/news/stock-market-news/britains-burford-takes-legal-action-to-get-share-data-from-lse-1989121,0.0
2019-10-03,"Some LSE investors call on Hong Kong exchange to up bid by 20%, add cash",By Reuters,https://www.investing.com/news/stock-market-news/some-lse-investors-call-on-hong-kong-exchange-to-up-bid-by-20-add-cash-1991579,0.0
2019-10-04,European stocks aided by Fed hopes even as worst week in a year looms,By Reuters,https://www.investing.com/news/stock-market-news/european-stocks-aided-by-fed-hopes-even-as-worst-week-in-a-year-looms-1991854,0.0
2019-10-08,European stocks reverse course as trade anxiety takes over; LSE tumbles,By Reuters,https://www.investing.com/news/stock-market-news/positive-german-data-airbus-shares-drive-tentative-gains-in-european-stocks-1993164,0.0
2019-10-08,Hong Kong bourse pulls plug on $39 billion play for London Stock Exchange,By Reuters,https://www.investing.com/news/stock-market-news/hong-kong-exchanges-drops-39-billion-offer-to-buy-lse-1993080,0.0
2019-10-09,"After spurned play for LSE, Hong Kong bourse to seek deeper China embrace",By Reuters,https://www.investing.com/news/stock-market-news/after-spurned-play-for-lse-hong-kong-bourse-to-seek-deeper-china-embrace-1993729,0.0
2019-10-10,LSE Group considers overhaul of MTS business in Italy: sources,By Reuters,https://www.investing.com/news/stock-market-news/lse-group-considers-overhaul-of-mts-business-in-italy-sources-1994620,0.0
2019-10-18,Renault sales warning drags on European shares,By Reuters,https://www.investing.com/news/stock-market-news/auto-stocks-hit-european-shares-after-renault-sales-warning-weak-china-data-stirs-fear-1998873,0.0
2019-10-20,Thomson Reuters says engaged in CEO succession planning,By Reuters,https://www.investing.com/news/stock-market-news/thomson-reuters-searching-for-ceo-smiths-successor-ft-1999943,1.0
2019-10-24,"Italy gives initial OK to powers to protect 5G, stock exchange",By Reuters,https://www.investing.com/news/technology-news/italy-set-to-give-initial-ok-to-powers-to-protect-5g-stock-exchange-2003308,0.0
2019-10-30,HKEX CEO says 'fundamental flaws' in HK's system of governance,By Reuters,https://www.investing.com/news/stock-market-news/hkex-ceo-says-fundamental-flaws-in-hks-system-of-governance-2007686,0.0
2019-10-31,Thomson Reuters operating profit tops Wall Street estimates,By Reuters,https://www.investing.com/news/stock-market-news/thomson-reuters-posts-higher-operating-profit-2008615,0.0
2019-11-06,LSE investors to vote on Refinitiv deal on November 26,By Reuters,https://www.investing.com/news/stock-market-news/lse-investors-to-vote-on-refinitiv-deal-on-november-26-2013528,0.0
2019-11-07,New LSE-Powered Crypto Exchange Promises to Be Fast,By Bloomberg,https://www.investing.com/news/cryptocurrency-news/new-lsepowered-crypto-exchange-promises-to-be-fast-2014411,0.0
2019-11-07,A 90-minute cut: shorter trading day comes with costs,By Reuters,https://www.investing.com/news/stock-market-news/a-90minute-cut-shorter-trading-day-comes-with-costs-2015214,0.0
2019-11-07,Singapore and Shanghai Threaten Hong Kong's Status as Finance Hub,By Bloomberg,https://www.investing.com/news/economy/singapore-and-shanghai-threaten-hong-kongs-status-as-finance-hub-2015584,0.0
2019-11-16,"MSCI, S&P Dow Jones, FTSE Russell could fast-track Aramco into indices",By Reuters,https://www.investing.com/news/stock-market-news/msci-sp-dow-jones-ftse-russell-could-fasttrack-aramco-into-indices-2021976,1.0
2019-11-25,EU close to addressing too-big-to-fail financial clearing house issue,By Reuters,https://www.investing.com/news/stock-market-news/eu-close-to-addressing-toobigtofail-financial-clearing-house-issue-2027526,0.0
2019-11-26,London Stock Exchange shareholders bless $27 billion Refinitiv deal,By Reuters,https://www.investing.com/news/stock-market-news/london-stock-exchange-shareholders-vote-on-27-billion-refinitiv-deal-2028214,0.0
2019-11-27,International stocks to outperform U.S. in 2020: investors,By Reuters,https://www.investing.com/news/stock-market-news/wall-street-week-ahead-investors-expect-international-stocks-to-outperform-us-in-2020-2029226,0.0
2019-12-10,Cboe Global to buy equities clearing house EuroCCP,By Reuters,https://www.investing.com/news/stock-market-news/cboe-global-to-buy-equities-clearing-house-euroccp-2037598,0.0
2019-12-10,London Stock Exchange opens consultation on shorter trading hours,By Reuters,https://www.investing.com/news/stock-market-news/london-stock-exchange-opens-consultation-on-shorter-trading-hours-2038076,0.0
2019-12-18,Where's the risk? U.S. fund managers bet on bull run in 2020,By Reuters,https://www.investing.com/news/economy/wheres-the-risk-us-fund-managers-bet-on-bull-run-in-2020-2043864,0.0
2019-12-19,HKEX boss Li sells $21.4 million worth of shares,By Reuters,https://www.investing.com/news/stock-market-news/hkex-boss-li-sells-214-million-worth-of-shares-2044972,0.0
2020-01-02,Exclusive: China halts British stock link over political tensions - sources,By Reuters,https://www.investing.com/news/stock-market-news/exclusive-china-halts-british-stock-link-over-political-tensions--sources-2050909,0.0
2020-01-06,India Allows Late Foreign-Exchange Deals to Lure Trade Home,By Bloomberg,https://www.investing.com/news/economy/india-allows-late-foreignexchange-deals-to-lure-trade-home-2053627,0.0
2020-01-09,Hong Kong exchange chief warns of economic 'devastation' from protests,By Reuters,https://www.investing.com/news/world-news/hong-kong-exchange-chief-says-economic-devastation-from-unrest-will-soon-be-apparent-2055705,0.0
2020-01-21,EU decision on LSE-Refinitiv deal expected in a few months: LSE director,By Reuters,https://www.investing.com/news/stock-market-news/eu-decision-on-lserefinitiv-deal-expected-in-a-few-months-lse-director-2063666,0.0
2020-02-05,NYSE OwnersOutside the Box EBay Approach Leaves Analysts Bewildered,By Bloomberg,https://www.investing.com/news/stock-market-news/nyse-ownersoutside-the-box-ebay-approach-leaves-analysts-bewildered-2077077,0.0
2020-02-07,Exclusive: France ramps up pressure to shift $200 billion euro clearing away from London - sources,By Reuters,https://www.investing.com/news/stock-market-news/exclusive-france-ramps-up-pressure-to-shift-200-billion-euro-clearing-away-from-london--sources-2079237,0.0
2020-02-20,Thomson Reuters close to naming ex-Nielsen president Hasker as CEO: sources,By Reuters,https://www.investing.com/news/stock-market-news/thomson-reuters-close-to-naming-exnielsen-president-hasker-as-ceo-sources-2089418,0.0
2020-02-20,"Brexit makes integrating EU capital markets more urgent, Commision says",By Reuters,https://www.investing.com/news/economic-indicators/brexit-makes-integrating-eu-capital-markets-more-urgent-commision-says-2089763,0.0
2020-02-24,U.S. Stocks Look Set for Biggest Drop Since August: Markets Wrap,By Bloomberg,https://www.investing.com/news/stock-market-news/us-stocks-look-set-for-biggest-drop-since-august-markets-wrap-2092133,0.0
2020-02-24,"Stocks Tumble, Havens Gain on Rising Virus Concern: Markets Wrap",By Bloomberg,https://www.investing.com/news/stock-market-news/stocks-tumble-havens-gain-on-rising-virus-concern-markets-wrap-2092683,0.0
2020-02-25,U.S. Stocks Fluctuate; Bond Yields Resume Drop: Markets Wrap,By Bloomberg,https://www.investing.com/news/stock-market-news/us-stocks-fluctuate-bond-yields-resume-drop-markets-wrap-2093409,0.0
2020-02-25,Stocks Drop a Fourth Day With Virus Anxiety Rising: Markets Wrap,By Bloomberg,https://www.investing.com/news/stock-market-news/stocks-drop-a-fourth-day-with-virus-anxiety-rising-markets-wrap-2093544,0.0
2020-02-25,"Thomson Reuters names new CEO, earnings top estimates",By Reuters,https://www.investing.com/news/stock-market-news/thomson-reuters-names-new-ceo-earnings-top-estimates-2093203,0.0
2020-02-26,Asian Stocks Decline; U.S. Rises After Deep Rout: Markets Wrap,By Bloomberg,https://www.investing.com/news/stock-market-news/asian-stocks-decline-us-rises-after-deep-rout-markets-wrap-2094133,0.0
2020-02-26,"Stocks - Europe Opens Down Again on Diageo, Danone Virus Warnings",By Investing.com,https://www.investing.com/news/stock-market-news/stocks--europe-opens-down-again-on-diageo-danone-virus-warnings-2094218,0.0
2020-02-27,Stocks Whipsaw Traders on Virus Angst; Yields Dive; Markets Wrap,By Bloomberg,https://www.investing.com/news/stock-market-news/stocks-whipsaw-traders-on-virus-angst-yields-dive-markets-wrap-2096060,0.0
2020-02-28,London Stock Exchange on track to close Refinitiv deal as clearing jumps,By Reuters,https://www.investing.com/news/stock-market-news/london-stock-exchange-on-track-to-close-refinitiv-deal-as-income-jumps-2096762,0.0
2020-02-28,London Stock Exchange's Future Depends on Brussels,By The Wall Street Journal,https://www.investing.comhttps://invst.ly/pzx8e,0.0
2020-03-16,LSE gets U.S. nod for Refinitiv deal,By Reuters,https://www.investing.com/news/stock-market-news/lse-gets-us-nod-for-refinitiv-deal-2111424,0.0
